dataset_label,scenario_label,onset_time_s,ramp_duration_s,direction_label,offset_mode_label,position_offset_north_m,position_offset_east_m,position_offset_down_m,velocity_offset_north_mps,velocity_offset_east_mps,velocity_offset_down_mps,total_samples,spoof_labeled_samples,clean_labeled_samples,trusted_verdicts,flagged_verdicts,rejected_verdicts,anomaly_tpr,anomaly_fpr,rejected_tpr,rejected_fpr,first_spoof_labeled_sample_index,first_anomaly_sample_index,first_rejected_sample_index,samples_from_onset_to_first_anomaly,samples_from_onset_to_first_rejection,mean_evaluation_latency_us,p95_evaluation_latency_us,max_evaluation_latency_us,max_gps_squared_mahalanobis_distance,max_accumulated_risk,max_horizontal_position_residual_m,max_horizontal_velocity_residual_mps,max_abs_clock_bias_residual_m,max_clock_bias_persistent_score,max_horizontal_residual_persistent_score,max_velocity_residual_persistent_score,max_stale_gps_persistent_score
px4_hover,nominal,0.0,0.0,none,none,0.0,0.0,0.0,0.0,0.0,0.0,120,0,120,120,0,0,0.0,0.0,0.0,0.0,,,,,,275.94000000000017,356.0,888.0999999999999,2.3365648,3.6137922,46.140423,4.581609,0.0,0.0,1.7005843,0.0,0.0
px4_hover,north_onset_2.0_ramp_0.0_pos,2.0,0.0,north,position_only,30.0,0.0,0.0,0.0,0.0,0.0,120,120,0,0,0,120,1.0,0.0,1.0,0.0,1,1,1,1,1,303.4224999999998,357.5,371.1,73.463524,73.27724,74.791595,4.581609,0.0,0.0,273.51044,0.0,0.0
px4_hover,north_onset_2.0_ramp_0.0_posvel,2.0,0.0,north,position_plus_velocity,30.0,0.0,0.0,8.0,0.0,0.0,120,120,0,0,0,120,1.0,0.0,1.0,0.0,1,1,1,1,1,307.4675000000001,389.8,401.8,156.5814,152.5826,74.791595,12.217811,0.0,0.0,273.51044,157.47057,0.0
px4_hover,east_onset_2.0_ramp_0.0_pos,2.0,0.0,east,position_only,0.0,30.0,0.0,0.0,0.0,0.0,120,120,0,0,0,120,1.0,0.0,1.0,0.0,1,1,1,1,1,277.8683333333334,381.5,391.20000000000005,73.46453,73.37337,63.803864,4.581609,0.0,0.0,267.8905,0.0,0.0
px4_hover,east_onset_2.0_ramp_0.0_posvel,2.0,0.0,east,position_plus_velocity,0.0,30.0,0.0,0.0,8.0,0.0,120,120,0,0,0,120,1.0,0.0,1.0,0.0,1,1,1,1,1,269.84333333333336,370.3,381.09999999999997,156.65811,152.7191,63.803864,11.044837,0.0,0.0,267.8905,154.93108,0.0
px4_hover,northeast_onset_2.0_ramp_0.0_pos,2.0,0.0,northeast,position_only,21.213203,21.213203,0.0,0.0,0.0,0.0,120,120,0,0,0,120,1.0,0.0,1.0,0.0,1,1,1,1,1,268.92249999999996,284.4,307.2,73.463905,73.303696,74.6951,4.581609,0.0,0.0,274.2545,0.0,0.0
px4_hover,northeast_onset_2.0_ramp_0.0_posvel,2.0,0.0,northeast,position_plus_velocity,21.213203,21.213203,0.0,5.656854,5.656854,0.0,120,120,0,0,0,120,1.0,0.0,1.0,0.0,1,1,1,1,1,287.3966666666666,380.59999999999997,468.8,156.5274,152.51956,74.6951,12.467646,0.0,0.0,274.2545,157.99919,0.0
px4_hover,northwest_onset_2.0_ramp_0.0_pos,2.0,0.0,northwest,position_only,21.213203,-21.213203,0.0,0.0,0.0,0.0,120,120,0,0,0,120,1.0,0.0,1.0,0.0,1,1,1,1,1,268.96500000000003,277.40000000000003,333.1,73.46333,73.32827,64.076164,4.581609,0.0,0.0,265.88647,0.0,0.0
px4_hover,northwest_onset_2.0_ramp_0.0_posvel,2.0,0.0,northwest,position_plus_velocity,21.213203,-21.213203,0.0,5.656854,-5.656854,0.0,120,120,0,0,0,120,1.0,0.0,1.0,0.0,1,1,1,1,1,316.31000000000023,385.4,418.29999999999995,156.78851,152.87126,64.076164,10.516225,0.0,0.0,265.88647,153.65498,0.0
px4_hover,north_onset_2.0_ramp_1.0_pos,2.0,1.0,north,position_only,30.0,0.0,0.0,0.0,0.0,0.0,120,120,0,0,0,120,1.0,0.0,1.0,0.0,1,1,1,1,1,286.9783333333334,387.29999999999995,394.0,73.463524,73.27724,74.791595,4.581609,0.0,0.0,273.51044,0.0,0.0
px4_hover,north_onset_2.0_ramp_1.0_posvel,2.0,1.0,north,position_plus_velocity,30.0,0.0,0.0,9.0,0.0,0.0,120,120,0,0,0,120,1.0,0.0,1.0,0.0,1,1,1,1,1,350.2908333333335,393.2,497.20000000000005,178.69717,173.89346,74.791595,13.203943,0.0,0.0,273.51044,182.4524,0.0
px4_hover,east_onset_2.0_ramp_1.0_pos,2.0,1.0,east,position_only,0.0,30.0,0.0,0.0,0.0,0.0,120,120,0,0,0,120,1.0,0.0,1.0,0.0,1,1,1,1,1,277.30500000000006,301.0,425.5,73.46453,73.37337,63.803864,4.581609,0.0,0.0,267.8905,0.0,0.0
px4_hover,east_onset_2.0_ramp_1.0_posvel,2.0,1.0,east,position_plus_velocity,0.0,30.0,0.0,0.0,9.0,0.0,120,120,0,0,0,120,1.0,0.0,1.0,0.0,1,1,1,1,1,281.19000000000017,385.5,391.5,178.78339,174.03989,63.803864,11.985549,0.0,0.0,267.8905,179.70671,0.0
px4_hover,northeast_onset_2.0_ramp_1.0_pos,2.0,1.0,northeast,position_only,21.213203,21.213203,0.0,0.0,0.0,0.0,120,120,0,0,0,120,1.0,0.0,1.0,0.0,1,1,1,1,1,291.17916666666645,379.2,387.8,73.463905,73.303696,74.6951,4.581609,0.0,0.0,274.2545,0.0,0.0
px4_hover,northeast_onset_2.0_ramp_1.0_posvel,2.0,1.0,northeast,position_plus_velocity,21.213203,21.213203,0.0,6.363961,6.363961,0.0,120,120,0,0,0,120,1.0,0.0,1.0,0.0,1,1,1,1,1,277.04333333333335,314.3,473.8,178.63638,173.8205,74.6951,13.462859,0.0,0.0,274.2545,183.05336,0.0
px4_hover,northwest_onset_2.0_ramp_1.0_pos,2.0,1.0,northwest,position_only,21.213203,-21.213203,0.0,0.0,0.0,0.0,120,120,0,0,0,120,1.0,0.0,1.0,0.0,1,1,1,1,1,267.0416666666668,277.6,324.0,73.46333,73.32827,64.076164,4.581609,0.0,0.0,265.88647,0.0,0.0
px4_hover,northwest_onset_2.0_ramp_1.0_posvel,2.0,1.0,northwest,position_plus_velocity,21.213203,-21.213203,0.0,6.363961,-6.363961,0.0,120,120,0,0,0,120,1.0,0.0,1.0,0.0,1,1,1,1,1,283.4383333333333,366.2,468.6,178.93019,174.21611,64.076164,11.470479,0.0,0.0,265.88647,178.26012,0.0
px4_hover,north_onset_2.0_ramp_2.5_pos,2.0,2.5,north,position_only,30.0,0.0,0.0,0.0,0.0,0.0,120,120,0,0,2,118,1.0,0.0,0.9833333333333333,0.0,1,1,3,1,3,338.04250000000013,386.70000000000005,393.6,72.89776,71.924835,74.791595,4.581609,0.0,0.0,249.98244,0.0,0.0
px4_hover,north_onset_2.0_ramp_2.5_posvel,2.0,2.5,north,position_plus_velocity,30.0,0.0,0.0,9.0,0.0,0.0,120,120,0,0,0,120,1.0,0.0,1.0,0.0,1,1,1,1,1,303.89083333333343,382.40000000000003,396.7,149.42795,143.44963,74.791595,13.203943,0.0,0.0,249.98244,154.71039,0.0
px4_hover,east_onset_2.0_ramp_2.5_pos,2.0,2.5,east,position_only,0.0,30.0,0.0,0.0,0.0,0.0,120,120,0,0,2,118,1.0,0.0,0.9833333333333333,0.0,1,1,3,1,3,287.11250000000007,384.40000000000003,389.2,73.03302,71.82588,63.803864,4.581609,0.0,0.0,244.36218,0.0,0.0
px4_hover,east_onset_2.0_ramp_2.5_posvel,2.0,2.5,east,position_plus_velocity,0.0,30.0,0.0,0.0,9.0,0.0,120,120,0,0,0,120,1.0,0.0,1.0,0.0,1,1,1,1,1,267.3474999999999,274.0,335.79999999999995,148.71384,141.87552,63.803864,11.985549,0.0,0.0,244.36218,151.96477,0.0
px4_hover,northeast_onset_2.0_ramp_2.5_pos,2.0,2.5,northeast,position_only,21.213203,21.213203,0.0,0.0,0.0,0.0,120,120,0,0,2,118,1.0,0.0,0.9833333333333333,0.0,1,1,3,1,3,314.39916666666664,385.7,388.0,72.94151,71.80226,74.6951,4.581609,0.0,0.0,250.72649,0.0,0.0
px4_hover,northeast_onset_2.0_ramp_2.5_posvel,2.0,2.5,northeast,position_plus_velocity,21.213203,21.213203,0.0,6.363961,6.363961,0.0,120,120,0,0,0,120,1.0,0.0,1.0,0.0,1,1,1,1,1,322.9475000000001,389.59999999999997,421.7,148.99466,142.172,74.6951,13.462859,0.0,0.0,250.72649,155.31136,0.0
px4_hover,northwest_onset_2.0_ramp_2.5_pos,2.0,2.5,northwest,position_only,21.213203,-21.213203,0.0,0.0,0.0,0.0,120,120,0,0,2,118,1.0,0.0,0.9833333333333333,0.0,1,1,3,1,3,267.2008333333333,275.7,290.1,72.92738,72.16281,64.076164,4.581609,0.0,0.0,242.3583,0.0,0.0
px4_hover,northwest_onset_2.0_ramp_2.5_posvel,2.0,2.5,northwest,position_plus_velocity,21.213203,-21.213203,0.0,6.363961,-6.363961,0.0,120,120,0,0,0,120,1.0,0.0,1.0,0.0,1,1,1,1,1,271.6974999999998,311.7,393.3,149.7596,144.73587,64.076164,11.470479,0.0,0.0,242.3583,150.5182,0.0
px4_hover,north_onset_2.0_ramp_5.0_pos,2.0,5.0,north,position_only,30.0,0.0,0.0,0.0,0.0,0.0,120,120,0,8,2,110,0.9333333333333333,0.0,0.9166666666666666,0.0,1,9,11,9,11,304.9283333333333,397.2,405.5,63.03188,61.162937,74.791595,4.581609,0.0,0.0,190.32649,0.0,0.0
px4_hover,north_onset_2.0_ramp_5.0_posvel,2.0,5.0,north,position_plus_velocity,30.0,0.0,0.0,9.0,0.0,0.0,120,120,0,2,4,114,0.9833333333333333,0.0,0.95,0.0,1,3,7,3,7,306.7291666666666,377.0,381.7,45.864502,45.64627,74.791595,13.203943,0.0,0.0,190.32649,93.58027,0.0
px4_hover,east_onset_2.0_ramp_5.0_pos,2.0,5.0,east,position_only,0.0,30.0,0.0,0.0,0.0,0.0,120,120,0,8,2,110,0.9333333333333333,0.0,0.9166666666666666,0.0,1,9,11,9,11,273.6116666666666,289.7,458.20000000000005,61.502472,60.01172,63.803864,4.581609,0.0,0.0,184.70605,0.0,0.0
px4_hover,east_onset_2.0_ramp_5.0_posvel,2.0,5.0,east,position_plus_velocity,0.0,30.0,0.0,0.0,9.0,0.0,120,120,0,2,4,114,0.9833333333333333,0.0,0.95,0.0,1,3,7,3,7,265.70333333333343,276.8,395.9,46.239548,45.781055,63.803864,11.985549,0.0,0.0,184.70605,90.827835,0.0
px4_hover,northeast_onset_2.0_ramp_5.0_pos,2.0,5.0,northeast,position_only,21.213203,21.213203,0.0,0.0,0.0,0.0,120,120,0,8,2,110,0.9333333333333333,0.0,0.9166666666666666,0.0,1,9,11,9,11,270.2908333333333,303.90000000000003,409.1,61.351295,59.72785,74.6951,4.581609,0.0,0.0,191.07037,0.0,0.0
px4_hover,northeast_onset_2.0_ramp_5.0_posvel,2.0,5.0,northeast,position_plus_velocity,21.213203,21.213203,0.0,6.363961,6.363961,0.0,120,120,0,2,4,114,0.9833333333333333,0.0,0.95,0.0,1,3,7,3,7,267.4533333333333,280.29999999999995,369.8,46.1248,45.75096,74.6951,13.462859,0.0,0.0,191.07037,94.17603,0.0
px4_hover,northwest_onset_2.0_ramp_5.0_pos,2.0,5.0,northwest,position_only,21.213203,-21.213203,0.0,0.0,0.0,0.0,120,120,0,8,2,110,0.9333333333333333,0.0,0.9166666666666666,0.0,1,9,11,9,11,264.9191666666667,274.8,330.1,65.583244,63.49425,64.076164,4.581609,0.0,0.0,182.70233,0.0,0.0
px4_hover,northwest_onset_2.0_ramp_5.0_posvel,2.0,5.0,northwest,position_plus_velocity,21.213203,-21.213203,0.0,6.363961,-6.363961,0.0,120,120,0,2,4,114,0.9833333333333333,0.0,0.95,0.0,1,3,7,3,7,281.1791666666665,390.4,393.3,46.88288,45.60009,64.076164,11.470479,0.0,0.0,182.70233,89.386536,0.0
px4_hover,north_onset_2.0_ramp_10.0_pos,2.0,10.0,north,position_only,30.0,0.0,0.0,0.0,0.0,0.0,120,120,0,16,0,104,0.8666666666666667,0.0,0.8666666666666667,0.0,1,17,17,17,17,283.4216666666668,378.7,472.0,29.728504,31.68533,74.791595,4.581609,0.0,0.0,113.30126,0.0,0.0
px4_hover,north_onset_2.0_ramp_10.0_posvel,2.0,10.0,north,position_plus_velocity,30.0,0.0,0.0,9.0,0.0,0.0,120,120,0,16,0,104,0.8666666666666667,0.0,0.8666666666666667,0.0,1,17,17,17,17,302.6733333333332,386.40000000000003,389.8,11.497156,11.4765415,74.791595,13.203943,0.0,0.0,113.30126,33.15105,0.0
px4_hover,east_onset_2.0_ramp_10.0_pos,2.0,10.0,east,position_only,0.0,30.0,0.0,0.0,0.0,0.0,120,120,0,16,0,104,0.8666666666666667,0.0,0.8666666666666667,0.0,1,17,17,17,17,284.01250000000005,381.5,386.90000000000003,28.783537,30.550873,63.803864,4.581609,0.0,0.0,107.72355,0.0,0.0
px4_hover,east_onset_2.0_ramp_10.0_posvel,2.0,10.0,east,position_plus_velocity,0.0,30.0,0.0,0.0,9.0,0.0,120,120,0,16,0,104,0.8666666666666667,0.0,0.8666666666666667,0.0,1,17,17,17,17,266.8825,283.1,349.9,11.683597,11.5254,63.803864,11.985549,0.0,0.0,107.72355,30.608856,0.0
px4_hover,northeast_onset_2.0_ramp_10.0_pos,2.0,10.0,northeast,position_only,21.213203,21.213203,0.0,0.0,0.0,0.0,120,120,0,16,0,104,0.8666666666666667,0.0,0.8666666666666667,0.0,1,17,17,17,17,276.60083333333324,316.09999999999997,379.0,29.939135,31.960634,74.6951,4.581609,0.0,0.0,114.02616,0.0,0.0
px4_hover,northeast_onset_2.0_ramp_10.0_posvel,2.0,10.0,northeast,position_plus_velocity,21.213203,21.213203,0.0,6.363961,6.363961,0.0,120,120,0,16,0,104,0.8666666666666667,0.0,0.8666666666666667,0.0,1,17,17,17,17,266.6375,278.5,312.8,11.626445,11.510522,74.6951,13.462859,0.0,0.0,114.02616,33.662006,0.0
px4_hover,northwest_onset_2.0_ramp_10.0_pos,2.0,10.0,northwest,position_only,21.213203,-21.213203,0.0,0.0,0.0,0.0,120,120,0,16,0,104,0.8666666666666667,0.0,0.8666666666666667,0.0,1,17,17,17,17,265.4400000000001,274.1,378.4,28.504774,29.959332,64.076164,4.581609,0.0,0.0,105.74643,0.0,0.0
px4_hover,northwest_onset_2.0_ramp_10.0_posvel,2.0,10.0,northwest,position_plus_velocity,21.213203,-21.213203,0.0,6.363961,-6.363961,0.0,120,120,0,16,0,104,0.8666666666666667,0.0,0.8666666666666667,0.0,1,17,17,17,17,326.99750000000006,391.5,408.7,12.062147,11.736969,64.076164,11.470479,0.0,0.0,105.74643,29.474157,0.0
px4_hover,north_onset_2.0_ramp_20.0_pos,2.0,20.0,north,position_only,30.0,0.0,0.0,0.0,0.0,0.0,120,120,0,29,0,91,0.7583333333333333,0.0,0.7583333333333333,0.0,1,30,30,30,30,286.9425,389.9,391.3,9.107867,11.416254,74.791595,4.581609,0.0,0.0,56.333046,0.0,0.0
px4_hover,north_onset_2.0_ramp_20.0_posvel,2.0,20.0,north,position_plus_velocity,30.0,0.0,0.0,9.0,0.0,0.0,120,120,0,29,0,91,0.7583333333333333,0.0,0.7583333333333333,0.0,1,30,30,30,30,278.69333333333327,386.0,398.29999999999995,2.9615505,3.9596076,74.791595,13.203943,0.0,0.0,56.333046,2.4224343,0.0
px4_hover,east_onset_2.0_ramp_20.0_pos,2.0,20.0,east,position_only,0.0,30.0,0.0,0.0,0.0,0.0,120,120,0,29,0,91,0.7583333333333333,0.0,0.7583333333333333,0.0,1,30,30,30,30,337.54499999999985,389.4,392.09999999999997,8.84711,11.1739645,63.803864,4.581609,0.0,0.0,51.446022,0.0,0.0
px4_hover,east_onset_2.0_ramp_20.0_posvel,2.0,20.0,east,position_plus_velocity,0.0,30.0,0.0,0.0,9.0,0.0,120,120,0,29,0,91,0.7583333333333333,0.0,0.7583333333333333,0.0,1,30,30,30,30,321.1791666666668,381.0,385.9,4.063252,4.892098,63.803864,11.912999,0.0,0.0,51.446022,1.7678638,0.0
px4_hover,northeast_onset_2.0_ramp_20.0_pos,2.0,20.0,northeast,position_only,21.213203,21.213203,0.0,0.0,0.0,0.0,120,120,0,29,0,91,0.7583333333333333,0.0,0.7583333333333333,0.0,1,30,30,30,30,332.97333333333347,381.3,386.40000000000003,9.620365,11.898087,74.6951,4.581609,0.0,0.0,56.929005,0.0,0.0
px4_hover,northeast_onset_2.0_ramp_20.0_posvel,2.0,20.0,northeast,position_plus_velocity,21.213203,21.213203,0.0,6.363961,6.363961,0.0,120,120,0,29,0,91,0.7583333333333333,0.0,0.7583333333333333,0.0,1,30,30,30,30,269.49999999999994,274.90000000000003,458.9,2.971344,3.948674,74.6951,13.462859,0.0,0.0,56.929005,2.5543556,0.0
px4_hover,northwest_onset_2.0_ramp_20.0_pos,2.0,20.0,northwest,position_only,21.213203,-21.213203,0.0,0.0,0.0,0.0,120,120,0,29,0,91,0.7583333333333333,0.0,0.7583333333333333,0.0,1,30,30,30,30,269.3716666666667,277.0,330.3,7.967297,10.066397,64.076164,4.581609,0.0,0.0,49.7156,0.0,0.0
px4_hover,northwest_onset_2.0_ramp_20.0_posvel,2.0,20.0,northwest,position_plus_velocity,21.213203,-21.213203,0.0,6.363961,-6.363961,0.0,120,120,0,29,0,91,0.7583333333333333,0.0,0.7583333333333333,0.0,1,30,30,30,30,272.2525,297.5,361.4,3.3567073,4.419302,64.076164,11.287636,0.0,0.0,49.7156,1.9651473,0.0
px4_hover,north_onset_4.0_ramp_0.0_pos,4.0,0.0,north,position_only,30.0,0.0,0.0,0.0,0.0,0.0,120,113,7,7,0,113,1.0,0.0,1.0,0.0,8,8,8,1,1,304.22083333333336,378.0,381.3,73.28013,72.54724,74.791595,4.581609,0.0,0.0,5141.546,0.0,0.0
px4_hover,north_onset_4.0_ramp_0.0_posvel,4.0,0.0,north,position_plus_velocity,30.0,0.0,0.0,8.0,0.0,0.0,120,113,7,7,0,113,1.0,0.0,1.0,0.0,8,8,8,1,1,294.38166666666655,377.90000000000003,383.90000000000003,147.97905,135.45782,74.791595,12.217811,0.0,0.0,5141.546,101.46856,0.0
px4_hover,east_onset_4.0_ramp_0.0_pos,4.0,0.0,east,position_only,0.0,30.0,0.0,0.0,0.0,0.0,120,113,7,7,0,113,1.0,0.0,1.0,0.0,8,8,8,1,1,266.46083333333337,279.6,324.0,73.40087,72.62466,63.803864,4.581609,0.0,0.0,4572.314,0.0,0.0
px4_hover,east_onset_4.0_ramp_0.0_posvel,4.0,0.0,east,position_plus_velocity,0.0,30.0,0.0,0.0,8.0,0.0,120,113,7,7,0,113,1.0,0.0,1.0,0.0,8,8,8,1,1,289.32750000000004,381.5,387.09999999999997,148.21164,135.21225,63.803864,11.044837,0.0,0.0,4572.314,98.901276,0.0
px4_hover,northeast_onset_4.0_ramp_0.0_pos,4.0,0.0,northeast,position_only,21.213203,21.213203,0.0,0.0,0.0,0.0,120,113,7,7,0,113,1.0,0.0,1.0,0.0,8,8,8,1,1,288.3766666666666,378.29999999999995,454.2,73.31455,72.56524,74.6951,4.581609,0.0,0.0,5152.423,0.0,0.0
px4_hover,northeast_onset_4.0_ramp_0.0_posvel,4.0,0.0,northeast,position_plus_velocity,21.213203,21.213203,0.0,5.656854,5.656854,0.0,120,113,7,7,0,113,1.0,0.0,1.0,0.0,8,8,8,1,1,308.3358333333334,380.29999999999995,388.6,147.95416,135.27544,74.6951,12.467646,0.0,0.0,5152.423,102.02557,0.0
px4_hover,northwest_onset_4.0_ramp_0.0_pos,4.0,0.0,northwest,position_only,21.213203,-21.213203,0.0,0.0,0.0,0.0,120,113,7,7,0,113,1.0,0.0,1.0,0.0,8,8,8,1,1,263.4758333333333,272.0,282.4,73.31782,72.58122,64.076164,4.581609,0.0,0.0,4545.2495,0.0,0.0
px4_hover,northwest_onset_4.0_ramp_0.0_posvel,4.0,0.0,northwest,position_plus_velocity,21.213203,-21.213203,0.0,5.656854,-5.656854,0.0,120,113,7,7,0,113,1.0,0.0,1.0,0.0,8,8,8,1,1,264.95666666666665,273.29999999999995,289.5,148.27173,135.65247,64.076164,10.516225,0.0,0.0,4545.2495,97.55689,0.0
px4_hover,north_onset_4.0_ramp_1.0_pos,4.0,1.0,north,position_only,30.0,0.0,0.0,0.0,0.0,0.0,120,113,7,10,0,110,0.9734513274336283,0.0,0.9734513274336283,0.0,8,11,11,4,4,263.27916666666664,274.2,336.6,71.98781,69.79377,74.791595,4.581609,0.0,0.0,5038.1055,0.0,0.0
px4_hover,north_onset_4.0_ramp_1.0_posvel,4.0,1.0,north,position_plus_velocity,30.0,0.0,0.0,9.0,0.0,0.0,120,113,7,9,1,110,0.9823008849557522,0.0,0.9734513274336283,0.0,8,10,11,3,4,296.01833333333343,374.6,415.0,113.852646,100.731865,74.791595,13.203943,0.0,0.0,5038.1055,86.31145,0.0
px4_hover,east_onset_4.0_ramp_1.0_pos,4.0,1.0,east,position_only,0.0,30.0,0.0,0.0,0.0,0.0,120,113,7,10,0,110,0.9734513274336283,0.0,0.9734513274336283,0.0,8,11,11,4,4,338.2541666666667,387.7,423.7,71.7462,69.22222,63.803864,4.581609,0.0,0.0,4468.8745,0.0,0.0
px4_hover,east_onset_4.0_ramp_1.0_posvel,4.0,1.0,east,position_plus_velocity,0.0,30.0,0.0,0.0,9.0,0.0,120,113,7,9,1,110,0.9823008849557522,0.0,0.9734513274336283,0.0,8,10,11,3,4,263.26416666666665,268.40000000000003,318.8,111.10034,99.86355,63.803864,11.985549,0.0,0.0,4468.8745,83.529976,0.0
px4_hover,northeast_onset_4.0_ramp_1.0_pos,4.0,1.0,northeast,position_only,21.213203,21.213203,0.0,0.0,0.0,0.0,120,113,7,10,0,110,0.9734513274336283,0.0,0.9734513274336283,0.0,8,11,11,4,4,262.7391666666666,267.6,355.40000000000003,71.77159,69.17395,74.6951,4.581609,0.0,0.0,5048.984,0.0,0.0
px4_hover,northeast_onset_4.0_ramp_1.0_posvel,4.0,1.0,northeast,position_plus_velocity,21.213203,21.213203,0.0,6.363961,6.363961,0.0,120,113,7,9,1,110,0.9823008849557522,0.0,0.9734513274336283,0.0,8,10,11,3,4,262.8883333333334,266.20000000000005,315.59999999999997,111.63331,99.984665,74.6951,13.462859,0.0,0.0,5048.984,86.94336,0.0
px4_hover,northwest_onset_4.0_ramp_1.0_pos,4.0,1.0,northwest,position_only,21.213203,-21.213203,0.0,0.0,0.0,0.0,120,113,7,10,0,110,0.9734513274336283,0.0,0.9734513274336283,0.0,8,11,11,4,4,314.0058333333333,383.6,388.6,72.26821,70.6058,64.076164,4.581609,0.0,0.0,4441.8105,0.0,0.0
px4_hover,northwest_onset_4.0_ramp_1.0_posvel,4.0,1.0,northwest,position_plus_velocity,21.213203,-21.213203,0.0,6.363961,-6.363961,0.0,120,113,7,9,1,110,0.9823008849557522,0.0,0.9734513274336283,0.0,8,10,11,3,4,303.2941666666667,386.2,398.7,116.46641,101.86333,64.076164,11.470479,0.0,0.0,4441.8105,82.00771,0.0
px4_hover,north_onset_4.0_ramp_2.5_pos,4.0,2.5,north,position_only,30.0,0.0,0.0,0.0,0.0,0.0,120,113,7,13,0,107,0.9469026548672567,0.0,0.9469026548672567,0.0,8,14,14,7,7,274.4766666666666,285.5,764.1,65.89386,63.61503,74.791595,4.581609,0.0,0.0,4923.34,0.0,0.0
px4_hover,north_onset_4.0_ramp_2.5_posvel,4.0,2.5,north,position_plus_velocity,30.0,0.0,0.0,9.0,0.0,0.0,120,113,7,13,0,107,0.9469026548672567,0.0,0.9469026548672567,0.0,8,14,14,7,7,317.5758333333332,385.5,392.6,49.854877,49.294384,74.791595,13.203943,0.0,0.0,4923.34,58.62604,0.0
px4_hover,east_onset_4.0_ramp_2.5_pos,4.0,2.5,east,position_only,0.0,30.0,0.0,0.0,0.0,0.0,120,113,7,13,0,107,0.9469026548672567,0.0,0.9469026548672567,0.0,8,14,14,7,7,347.4899999999999,385.6,389.9,65.62068,63.16891,63.803864,4.581609,0.0,0.0,4354.1064,0.0,0.0
px4_hover,east_onset_4.0_ramp_2.5_posvel,4.0,2.5,east,position_plus_velocity,0.0,30.0,0.0,0.0,9.0,0.0,120,113,7,13,0,107,0.9469026548672567,0.0,0.9469026548672567,0.0,8,14,14,7,7,268.3408333333333,280.9,390.7,49.31874,48.773643,63.803864,11.985549,0.0,0.0,4354.1064,55.818737,0.0
px4_hover,northeast_onset_4.0_ramp_2.5_pos,4.0,2.5,northeast,position_only,21.213203,21.213203,0.0,0.0,0.0,0.0,120,113,7,13,0,107,0.9469026548672567,0.0,0.9469026548672567,0.0,8,14,14,7,7,306.61249999999984,392.4,414.8,65.21366,62.822792,74.6951,4.581609,0.0,0.0,4934.2173,0.0,0.0
px4_hover,northeast_onset_4.0_ramp_2.5_posvel,4.0,2.5,northeast,position_plus_velocity,21.213203,21.213203,0.0,6.363961,6.363961,0.0,120,113,7,13,0,107,0.9469026548672567,0.0,0.9469026548672567,0.0,8,14,14,7,7,268.2758333333334,283.2,391.79999999999995,49.772503,49.226124,74.6951,13.462859,0.0,0.0,4934.2173,59.25068,0.0
px4_hover,northwest_onset_4.0_ramp_2.5_pos,4.0,2.5,northwest,position_only,21.213203,-21.213203,0.0,0.0,0.0,0.0,120,113,7,13,0,107,0.9469026548672567,0.0,0.9469026548672567,0.0,8,14,14,7,7,262.28249999999997,268.5,425.9,67.26547,65.38428,64.076164,4.581609,0.0,0.0,4327.045,0.0,0.0
px4_hover,northwest_onset_4.0_ramp_2.5_posvel,4.0,2.5,northwest,position_plus_velocity,21.213203,-21.213203,0.0,6.363961,-6.363961,0.0,120,113,7,12,1,107,0.9557522123893806,0.0,0.9469026548672567,0.0,8,13,14,6,7,263.2100000000001,268.6,302.4,49.548664,48.947998,64.076164,11.470479,0.0,0.0,4327.045,54.300327,0.0
px4_hover,north_onset_4.0_ramp_5.0_pos,4.0,5.0,north,position_only,30.0,0.0,0.0,0.0,0.0,0.0,120,113,7,15,0,105,0.9292035398230089,0.0,0.9292035398230089,0.0,8,16,16,9,9,261.8983333333333,267.09999999999997,311.1,49.418743,48.69387,74.791595,4.581609,0.0,0.0,4724.119,0.0,0.0
px4_hover,north_onset_4.0_ramp_5.0_posvel,4.0,5.0,north,position_plus_velocity,30.0,0.0,0.0,9.0,0.0,0.0,120,113,7,15,0,105,0.9292035398230089,0.0,0.9292035398230089,0.0,8,16,16,9,9,272.47000000000014,369.8,374.6,14.594153,14.586471,74.791595,13.203943,0.0,0.0,4724.119,29.094177,0.0
px4_hover,east_onset_4.0_ramp_5.0_pos,4.0,5.0,east,position_only,0.0,30.0,0.0,0.0,0.0,0.0,120,113,7,15,0,105,0.9292035398230089,0.0,0.9292035398230089,0.0,8,16,16,9,9,264.13333333333327,275.0,363.0,50.83626,49.75958,63.803864,4.581609,0.0,0.0,4154.911,0.0,0.0
px4_hover,east_onset_4.0_ramp_5.0_posvel,4.0,5.0,east,position_plus_velocity,0.0,30.0,0.0,0.0,9.0,0.0,120,113,7,15,0,105,0.9292035398230089,0.0,0.9292035398230089,0.0,8,16,16,9,9,275.7799999999999,375.40000000000003,387.59999999999997,14.542902,14.60734,63.803864,11.985549,0.0,0.0,4154.911,26.295397,0.0
px4_hover,northeast_onset_4.0_ramp_5.0_pos,4.0,5.0,northeast,position_only,21.213203,21.213203,0.0,0.0,0.0,0.0,120,113,7,15,0,105,0.9292035398230089,0.0,0.9292035398230089,0.0,8,16,16,9,9,267.18416666666667,273.9,358.09999999999997,50.204414,49.25743,74.6951,4.581609,0.0,0.0,4734.9736,0.0,0.0
px4_hover,northeast_onset_4.0_ramp_5.0_posvel,4.0,5.0,northeast,position_plus_velocity,21.213203,21.213203,0.0,6.363961,6.363961,0.0,120,113,7,15,0,105,0.9292035398230089,0.0,0.9292035398230089,0.0,8,16,16,9,9,280.44666666666683,388.6,441.7,14.739008,14.776318,74.6951,13.462859,0.0,0.0,4734.9736,29.687637,0.0
px4_hover,northwest_onset_4.0_ramp_5.0_pos,4.0,5.0,northwest,position_only,21.213203,-21.213203,0.0,0.0,0.0,0.0,120,113,7,15,0,105,0.9292035398230089,0.0,0.9292035398230089,0.0,8,16,16,9,9,275.67833333333334,333.40000000000003,347.59999999999997,48.915474,48.37609,64.076164,4.581609,0.0,0.0,4127.875,0.0,0.0
px4_hover,northwest_onset_4.0_ramp_5.0_posvel,4.0,5.0,northwest,position_plus_velocity,21.213203,-21.213203,0.0,6.363961,-6.363961,0.0,120,113,7,15,0,105,0.9292035398230089,0.0,0.9292035398230089,0.0,8,16,16,9,9,335.29083333333335,376.9,540.6999999999999,14.341573,14.311547,64.076164,11.470479,0.0,0.0,4127.875,24.799839,0.0
px4_hover,north_onset_4.0_ramp_10.0_pos,4.0,10.0,north,position_only,30.0,0.0,0.0,0.0,0.0,0.0,120,113,7,18,0,102,0.9026548672566371,0.0,0.9026548672566371,0.0,8,19,19,12,12,266.30250000000007,279.40000000000003,349.2,20.584564,22.829432,74.791595,4.581609,0.0,0.0,4287.163,0.0,0.0
px4_hover,north_onset_4.0_ramp_10.0_posvel,4.0,10.0,north,position_plus_velocity,30.0,0.0,0.0,9.0,0.0,0.0,120,113,7,18,0,102,0.9026548672566371,0.0,0.9026548672566371,0.0,8,19,19,12,12,261.49666666666667,269.0,397.90000000000003,4.0095267,4.4118576,74.791595,13.203943,0.0,0.0,4287.163,2.847053,0.0
px4_hover,east_onset_4.0_ramp_10.0_pos,4.0,10.0,east,position_only,0.0,30.0,0.0,0.0,0.0,0.0,120,113,7,18,0,102,0.9026548672566371,0.0,0.9026548672566371,0.0,8,19,19,12,12,261.20666666666665,270.8,327.8,20.040537,22.407715,63.803864,4.581609,0.0,0.0,3721.494,0.0,0.0
px4_hover,east_onset_4.0_ramp_10.0_posvel,4.0,10.0,east,position_plus_velocity,0.0,30.0,0.0,0.0,9.0,0.0,120,113,7,18,0,102,0.9026548672566371,0.0,0.9026548672566371,0.0,8,19,19,12,12,327.1108333333333,379.90000000000003,386.2,4.1631846,4.9888372,63.803864,11.985549,0.0,0.0,3721.494,2.4163947,0.0
px4_hover,northeast_onset_4.0_ramp_10.0_pos,4.0,10.0,northeast,position_only,21.213203,21.213203,0.0,0.0,0.0,0.0,120,113,7,18,0,102,0.9026548672566371,0.0,0.9026548672566371,0.0,8,19,19,12,12,269.24499999999995,282.2,347.3,21.306215,23.59887,74.6951,4.581609,0.0,0.0,4296.88,0.0,0.0
px4_hover,northeast_onset_4.0_ramp_10.0_posvel,4.0,10.0,northeast,position_plus_velocity,21.213203,21.213203,0.0,6.363961,6.363961,0.0,120,113,7,18,0,102,0.9026548672566371,0.0,0.9026548672566371,0.0,8,19,19,12,12,265.8116666666666,268.70000000000005,315.3,4.077521,4.494556,74.6951,13.462859,0.0,0.0,4296.88,3.5688424,0.0
px4_hover,northwest_onset_4.0_ramp_10.0_pos,4.0,10.0,northwest,position_only,21.213203,-21.213203,0.0,0.0,0.0,0.0,120,113,7,18,0,102,0.9026548672566371,0.0,0.9026548672566371,0.0,8,19,19,12,12,317.6133333333333,381.90000000000003,390.4,18.62529,20.672777,64.076164,4.581609,0.0,0.0,3696.502,0.0,0.0
px4_hover,northwest_onset_4.0_ramp_10.0_posvel,4.0,10.0,northwest,position_plus_velocity,21.213203,-21.213203,0.0,6.363961,-6.363961,0.0,120,113,7,18,0,102,0.9026548672566371,0.0,0.9026548672566371,0.0,8,19,19,12,12,268.9725,277.79999999999995,403.7,3.929999,5.049252,64.076164,11.470479,0.0,0.0,3696.502,0.69164205,0.0
px4_hover,north_onset_4.0_ramp_20.0_pos,4.0,20.0,north,position_only,30.0,0.0,0.0,0.0,0.0,0.0,120,113,7,22,0,98,0.8672566371681416,0.0,0.8672566371681416,0.0,8,23,23,16,16,293.97750000000013,382.20000000000005,402.3,6.8139777,9.027664,73.12941,4.581609,0.0,0.0,3398.6038,0.0,0.0
px4_hover,north_onset_4.0_ramp_20.0_posvel,4.0,20.0,north,position_plus_velocity,30.0,0.0,0.0,9.0,0.0,0.0,120,113,7,22,0,98,0.8672566371681416,0.0,0.8672566371681416,0.0,8,23,23,16,16,286.3925000000001,384.3,391.1,2.348506,3.8790724,73.12941,12.697787,0.0,0.0,3398.6038,0.0,0.0
px4_hover,east_onset_4.0_ramp_20.0_pos,4.0,20.0,east,position_only,0.0,30.0,0.0,0.0,0.0,0.0,120,113,7,23,0,97,0.8584070796460177,0.0,0.8584070796460177,0.0,8,24,24,17,17,262.65833333333336,273.0,311.29999999999995,7.027671,8.98926,62.544895,4.581609,0.0,0.0,2914.892,0.0,0.0
px4_hover,east_onset_4.0_ramp_20.0_posvel,4.0,20.0,east,position_plus_velocity,0.0,30.0,0.0,0.0,9.0,0.0,120,113,7,23,0,97,0.8584070796460177,0.0,0.8584070796460177,0.0,8,24,24,17,17,262.9125,270.70000000000005,316.5,3.71638,4.5505466,62.544895,11.337077,0.0,0.0,2914.892,0.0,0.0
px4_hover,northeast_onset_4.0_ramp_20.0_pos,4.0,20.0,northeast,position_only,21.213203,21.213203,0.0,0.0,0.0,0.0,120,113,7,23,0,97,0.8584070796460177,0.0,0.8584070796460177,0.0,8,24,24,17,17,265.2266666666666,275.5,319.3,7.4501834,9.586498,73.03635,4.581609,0.0,0.0,3404.6775,0.0,0.0
px4_hover,northeast_onset_4.0_ramp_20.0_posvel,4.0,20.0,northeast,position_plus_velocity,21.213203,21.213203,0.0,6.363961,6.363961,0.0,120,113,7,23,0,97,0.8584070796460177,0.0,0.8584070796460177,0.0,8,24,24,17,17,264.8700000000001,282.5,316.9,2.7061605,3.8525372,73.03635,12.90252,0.0,0.0,3404.6775,0.0,0.0
px4_hover,northwest_onset_4.0_ramp_20.0_pos,4.0,20.0,northwest,position_only,21.213203,-21.213203,0.0,0.0,0.0,0.0,120,113,7,22,0,98,0.8672566371681416,0.0,0.8672566371681416,0.0,8,23,23,16,16,273.1625,296.6,477.6,5.817118,7.9097414,62.80685,4.581609,0.0,0.0,2897.624,0.0,0.0
px4_hover,northwest_onset_4.0_ramp_20.0_posvel,4.0,20.0,northwest,position_plus_velocity,21.213203,-21.213203,0.0,6.363961,-6.363961,0.0,120,113,7,22,0,98,0.8672566371681416,0.0,0.8672566371681416,0.0,8,23,23,16,16,291.1441666666667,376.59999999999997,457.3,3.1697543,4.224387,62.80685,10.764566,0.0,0.0,2897.624,0.0,0.0
px4_hover,north_onset_6.0_ramp_0.0_pos,6.0,0.0,north,position_only,30.0,0.0,0.0,0.0,0.0,0.0,120,102,18,18,0,102,1.0,0.0,1.0,0.0,19,19,19,1,1,294.11,382.20000000000005,391.9,68.45166,64.8031,74.791595,4.581609,0.0,0.0,4814.1055,0.0,0.0
px4_hover,north_onset_6.0_ramp_0.0_posvel,6.0,0.0,north,position_plus_velocity,30.0,0.0,0.0,8.0,0.0,0.0,120,102,18,18,0,102,1.0,0.0,1.0,0.0,19,19,19,1,1,273.95083333333326,375.0,383.7,64.24755,52.855164,74.791595,12.217811,0.0,0.0,4814.1055,33.969948,0.0
px4_hover,east_onset_6.0_ramp_0.0_pos,6.0,0.0,east,position_only,0.0,30.0,0.0,0.0,0.0,0.0,120,102,18,18,0,102,1.0,0.0,1.0,0.0,19,19,19,1,1,259.6825,270.40000000000003,345.8,68.23638,64.49166,63.803864,4.581609,0.0,0.0,4245.3804,0.0,0.0
px4_hover,east_onset_6.0_ramp_0.0_posvel,6.0,0.0,east,position_plus_velocity,0.0,30.0,0.0,0.0,8.0,0.0,120,102,18,18,0,102,1.0,0.0,1.0,0.0,19,19,19,1,1,260.13249999999994,273.0,362.20000000000005,63.619263,52.360497,63.803864,11.044837,0.0,0.0,4245.3804,31.901405,0.0
px4_hover,northeast_onset_6.0_ramp_0.0_pos,6.0,0.0,northeast,position_only,21.213203,21.213203,0.0,0.0,0.0,0.0,120,102,18,18,0,102,1.0,0.0,1.0,0.0,19,19,19,1,1,264.5683333333333,271.0,384.3,68.02985,64.1199,74.6951,4.581609,0.0,0.0,4825.4917,0.0,0.0
px4_hover,northeast_onset_6.0_ramp_0.0_posvel,6.0,0.0,northeast,position_plus_velocity,21.213203,21.213203,0.0,5.656854,5.656854,0.0,120,102,18,18,0,102,1.0,0.0,1.0,0.0,19,19,19,1,1,262.67333333333346,270.5,336.6,63.999123,52.71376,74.6951,12.467646,0.0,0.0,4825.4917,34.853573,0.0
px4_hover,northwest_onset_6.0_ramp_0.0_pos,6.0,0.0,northwest,position_only,21.213203,-21.213203,0.0,0.0,0.0,0.0,120,102,18,18,0,102,1.0,0.0,1.0,0.0,19,19,19,1,1,259.75583333333344,269.5,281.5,69.25486,66.281296,64.076164,4.581609,0.0,0.0,4217.0923,0.0,0.0
px4_hover,northwest_onset_6.0_ramp_0.0_posvel,6.0,0.0,northwest,position_plus_velocity,21.213203,-21.213203,0.0,5.656854,-5.656854,0.0,120,102,18,18,0,102,1.0,0.0,1.0,0.0,19,19,19,1,1,304.3324999999999,385.7,411.59999999999997,64.2195,52.706627,64.076164,10.516225,0.0,0.0,4217.0923,29.779224,0.0
px4_hover,north_onset_6.0_ramp_1.0_pos,6.0,1.0,north,position_only,30.0,0.0,0.0,0.0,0.0,0.0,120,102,18,21,0,99,0.9705882352941176,0.0,0.9705882352941176,0.0,19,22,22,4,4,270.8316666666666,349.2,378.5,63.03188,59.521057,74.791595,4.581609,0.0,0.0,4723.749,0.0,0.0
px4_hover,north_onset_6.0_ramp_1.0_posvel,6.0,1.0,north,position_plus_velocity,30.0,0.0,0.0,9.0,0.0,0.0,120,102,18,21,0,99,0.9705882352941176,0.0,0.9705882352941176,0.0,19,22,22,4,4,263.4433333333333,272.40000000000003,332.7,37.180626,32.06983,74.791595,13.203943,0.0,0.0,4723.749,27.871487,0.0
px4_hover,east_onset_6.0_ramp_1.0_pos,6.0,1.0,east,position_only,0.0,30.0,0.0,0.0,0.0,0.0,120,102,18,21,0,99,0.9705882352941176,0.0,0.9705882352941176,0.0,19,22,22,4,4,270.2208333333333,285.90000000000003,390.6,61.502472,59.2478,63.803864,4.581609,0.0,0.0,4155.021,0.0,0.0
px4_hover,east_onset_6.0_ramp_1.0_posvel,6.0,1.0,east,position_plus_velocity,0.0,30.0,0.0,0.0,9.0,0.0,120,102,18,21,0,99,0.9705882352941176,0.0,0.9705882352941176,0.0,19,22,22,4,4,262.5175,283.6,463.09999999999997,36.718113,31.634457,63.803864,11.985549,0.0,0.0,4155.021,25.64955,0.0
px4_hover,northeast_onset_6.0_ramp_1.0_pos,6.0,1.0,northeast,position_only,21.213203,21.213203,0.0,0.0,0.0,0.0,120,102,18,21,0,99,0.9705882352941176,0.0,0.9705882352941176,0.0,19,22,22,4,4,265.89166666666677,271.2,450.8,61.351295,58.488075,74.6951,4.581609,0.0,0.0,4735.135,0.0,0.0
px4_hover,northeast_onset_6.0_ramp_1.0_posvel,6.0,1.0,northeast,position_plus_velocity,21.213203,21.213203,0.0,6.363961,6.363961,0.0,120,102,18,21,0,99,0.9705882352941176,0.0,0.9705882352941176,0.0,19,22,22,4,4,260.95083333333326,270.6,370.5,37.143932,32.024586,74.6951,13.462859,0.0,0.0,4735.135,28.810368,0.0
px4_hover,northwest_onset_6.0_ramp_1.0_pos,6.0,1.0,northwest,position_only,21.213203,-21.213203,0.0,0.0,0.0,0.0,120,102,18,21,0,99,0.9705882352941176,0.0,0.9705882352941176,0.0,19,22,22,4,4,262.4600000000001,272.3,292.90000000000003,65.583244,61.641487,64.076164,4.581609,0.0,0.0,4126.7344,0.0,0.0
px4_hover,northwest_onset_6.0_ramp_1.0_posvel,6.0,1.0,northwest,position_plus_velocity,21.213203,-21.213203,0.0,6.363961,-6.363961,0.0,120,102,18,21,0,99,0.9705882352941176,0.0,0.9705882352941176,0.0,19,22,22,4,4,259.49249999999995,269.59999999999997,342.0,36.868126,31.795788,64.076164,11.470479,0.0,0.0,4126.7344,23.388554,0.0
px4_hover,north_onset_6.0_ramp_2.5_pos,6.0,2.5,north,position_only,30.0,0.0,0.0,0.0,0.0,0.0,120,102,18,23,0,97,0.9509803921568627,0.0,0.9509803921568627,0.0,19,24,24,6,6,261.3408333333333,272.7,329.9,52.7345,51.852333,74.791595,4.581609,0.0,0.0,4609.081,0.0,0.0
px4_hover,north_onset_6.0_ramp_2.5_posvel,6.0,2.5,north,position_plus_velocity,30.0,0.0,0.0,9.0,0.0,0.0,120,102,18,23,0,97,0.9509803921568627,0.0,0.9509803921568627,0.0,19,24,24,6,6,276.8091666666666,379.0,449.5,16.605188,16.306473,74.791595,13.203943,0.0,0.0,4609.081,16.466618,0.0
px4_hover,east_onset_6.0_ramp_2.5_pos,6.0,2.5,east,position_only,0.0,30.0,0.0,0.0,0.0,0.0,120,102,18,23,0,97,0.9509803921568627,0.0,0.9509803921568627,0.0,19,24,24,6,6,275.35416666666663,376.0,382.1,54.57378,53.301117,63.803864,4.581609,0.0,0.0,4040.3684,0.0,0.0
px4_hover,east_onset_6.0_ramp_2.5_posvel,6.0,2.5,east,position_plus_velocity,0.0,30.0,0.0,0.0,9.0,0.0,120,102,18,23,0,97,0.9509803921568627,0.0,0.9509803921568627,0.0,19,24,24,6,6,318.8866666666668,385.3,390.3,16.976887,16.526125,63.803864,11.985549,0.0,0.0,4040.3684,14.328226,0.0
px4_hover,northeast_onset_6.0_ramp_2.5_pos,6.0,2.5,northeast,position_only,21.213203,21.213203,0.0,0.0,0.0,0.0,120,102,18,23,0,97,0.9509803921568627,0.0,0.9509803921568627,0.0,19,24,24,6,6,269.5766666666665,321.8,366.3,53.761467,52.67322,74.6951,4.581609,0.0,0.0,4620.4453,0.0,0.0
px4_hover,northeast_onset_6.0_ramp_2.5_posvel,6.0,2.5,northeast,position_plus_velocity,21.213203,21.213203,0.0,6.363961,6.363961,0.0,120,102,18,23,0,97,0.9509803921568627,0.0,0.9509803921568627,0.0,19,24,24,6,6,269.60333333333335,372.6,448.4,17.170883,16.741505,74.6951,13.462859,0.0,0.0,4620.4453,17.302242,0.0
px4_hover,northwest_onset_6.0_ramp_2.5_pos,6.0,2.5,northwest,position_only,21.213203,-21.213203,0.0,0.0,0.0,0.0,120,102,18,23,0,97,0.9509803921568627,0.0,0.9509803921568627,0.0,19,24,24,6,6,268.76166666666666,307.2,386.70000000000005,52.258945,51.310764,64.076164,4.581609,0.0,0.0,4012.1055,0.0,0.0
px4_hover,northwest_onset_6.0_ramp_2.5_posvel,6.0,2.5,northwest,position_plus_velocity,21.213203,-21.213203,0.0,6.363961,-6.363961,0.0,120,102,18,23,0,97,0.9509803921568627,0.0,0.9509803921568627,0.0,19,24,24,6,6,267.96583333333336,306.79999999999995,411.20000000000005,15.624184,15.489239,64.076164,11.470479,0.0,0.0,4012.1055,12.310835,0.0
px4_hover,north_onset_6.0_ramp_5.0_pos,6.0,5.0,north,position_only,30.0,0.0,0.0,0.0,0.0,0.0,120,102,18,25,0,95,0.9313725490196079,0.0,0.9313725490196079,0.0,19,26,26,8,8,266.0691666666668,318.3,337.9,34.90614,35.609287,74.791595,4.581609,0.0,0.0,4395.5586,0.0,0.0
px4_hover,north_onset_6.0_ramp_5.0_posvel,6.0,5.0,north,position_plus_velocity,30.0,0.0,0.0,9.0,0.0,0.0,120,102,18,25,0,95,0.9313725490196079,0.0,0.9313725490196079,0.0,19,26,26,8,8,264.6158333333332,269.5,358.59999999999997,4.716467,4.990583,74.791595,13.203943,0.0,0.0,4395.5586,3.66331,0.0
px4_hover,east_onset_6.0_ramp_5.0_pos,6.0,5.0,east,position_only,0.0,30.0,0.0,0.0,0.0,0.0,120,102,18,25,0,95,0.9313725490196079,0.0,0.9313725490196079,0.0,19,26,26,8,8,275.64833333333337,301.5,479.90000000000003,34.49743,35.17832,63.803864,4.581609,0.0,0.0,3827.467,0.0,0.0
px4_hover,east_onset_6.0_ramp_5.0_posvel,6.0,5.0,east,position_plus_velocity,0.0,30.0,0.0,0.0,9.0,0.0,120,102,18,25,0,95,0.9313725490196079,0.0,0.9313725490196079,0.0,19,26,26,8,8,274.6266666666667,296.90000000000003,364.0,4.819027,5.116224,63.803864,11.985549,0.0,0.0,3827.467,1.6199665,0.0
px4_hover,northeast_onset_6.0_ramp_5.0_pos,6.0,5.0,northeast,position_only,21.213203,21.213203,0.0,0.0,0.0,0.0,120,102,18,25,0,95,0.9313725490196079,0.0,0.9313725490196079,0.0,19,26,26,8,8,295.0274999999999,376.59999999999997,384.2,35.138325,35.807903,74.6951,4.581609,0.0,0.0,4406.6587,0.0,0.0
px4_hover,northeast_onset_6.0_ramp_5.0_posvel,6.0,5.0,northeast,position_plus_velocity,21.213203,21.213203,0.0,6.363961,6.363961,0.0,120,102,18,25,0,95,0.9313725490196079,0.0,0.9313725490196079,0.0,19,26,26,8,8,293.46333333333325,381.7,637.1999999999999,4.96392,5.275806,74.6951,13.462859,0.0,0.0,4406.6587,4.281741,0.0
px4_hover,northwest_onset_6.0_ramp_5.0_pos,6.0,5.0,northwest,position_only,21.213203,-21.213203,0.0,0.0,0.0,0.0,120,102,18,25,0,95,0.9313725490196079,0.0,0.9313725490196079,0.0,19,26,26,8,8,263.7383333333333,270.70000000000005,356.3,33.94883,34.70957,64.076164,4.581609,0.0,0.0,3799.58,0.0,0.0
px4_hover,northwest_onset_6.0_ramp_5.0_posvel,6.0,5.0,northwest,position_plus_velocity,21.213203,-21.213203,0.0,6.363961,-6.363961,0.0,120,102,18,25,0,95,0.9313725490196079,0.0,0.9313725490196079,0.0,19,26,26,8,8,269.0266666666668,275.20000000000005,369.8,4.252927,5.049252,64.076164,11.470479,0.0,0.0,3799.58,0.726254,0.0
px4_hover,north_onset_6.0_ramp_10.0_pos,6.0,10.0,north,position_only,30.0,0.0,0.0,0.0,0.0,0.0,120,102,18,28,0,92,0.9019607843137255,0.0,0.9019607843137255,0.0,19,29,29,11,11,311.48249999999996,385.0,389.4,13.596069,16.0315,74.791595,4.581609,0.0,0.0,3936.5266,0.0,0.0
px4_hover,north_onset_6.0_ramp_10.0_posvel,6.0,10.0,north,position_plus_velocity,30.0,0.0,0.0,9.0,0.0,0.0,120,102,18,28,0,92,0.9019607843137255,0.0,0.9019607843137255,0.0,19,29,29,11,11,326.86666666666656,380.59999999999997,408.7,2.712921,4.2869964,74.791595,13.203943,0.0,0.0,3936.5266,0.0,0.0
px4_hover,east_onset_6.0_ramp_10.0_pos,6.0,10.0,east,position_only,0.0,30.0,0.0,0.0,0.0,0.0,120,102,18,28,0,92,0.9019607843137255,0.0,0.9019607843137255,0.0,19,29,29,11,11,264.7258333333333,269.4,304.5,14.272452,16.138052,63.803864,4.581609,0.0,0.0,3379.9749,0.0,0.0
px4_hover,east_onset_6.0_ramp_10.0_posvel,6.0,10.0,east,position_plus_velocity,0.0,30.0,0.0,0.0,9.0,0.0,120,102,18,28,0,92,0.9019607843137255,0.0,0.9019607843137255,0.0,19,29,29,11,11,270.9100000000001,283.90000000000003,440.79999999999995,4.1631846,4.9888372,63.803864,11.985549,0.0,0.0,3379.9749,0.0,0.0
px4_hover,northeast_onset_6.0_ramp_10.0_pos,6.0,10.0,northeast,position_only,21.213203,21.213203,0.0,0.0,0.0,0.0,120,102,18,28,0,92,0.9019607843137255,0.0,0.9019607843137255,0.0,19,29,29,11,11,269.10833333333335,288.40000000000003,410.09999999999997,14.94751,16.87987,74.6951,4.581609,0.0,0.0,3944.754,0.0,0.0
px4_hover,northeast_onset_6.0_ramp_10.0_posvel,6.0,10.0,northeast,position_plus_velocity,21.213203,21.213203,0.0,6.363961,6.363961,0.0,120,102,18,28,0,92,0.9019607843137255,0.0,0.9019607843137255,0.0,19,29,29,11,11,269.0841666666666,291.2,396.9,3.0016675,4.134266,74.6951,13.462859,0.0,0.0,3944.754,0.0,0.0
px4_hover,northwest_onset_6.0_ramp_10.0_pos,6.0,10.0,northwest,position_only,21.213203,-21.213203,0.0,0.0,0.0,0.0,120,102,18,28,0,92,0.9019607843137255,0.0,0.9019607843137255,0.0,19,29,29,11,11,270.54250000000013,283.0,400.7,11.606079,14.020471,64.076164,4.581609,0.0,0.0,3358.0688,0.0,0.0
px4_hover,northwest_onset_6.0_ramp_10.0_posvel,6.0,10.0,northwest,position_plus_velocity,21.213203,-21.213203,0.0,6.363961,-6.363961,0.0,120,102,18,28,0,92,0.9019607843137255,0.0,0.9019607843137255,0.0,19,29,29,11,11,260.32083333333344,277.0,347.2,3.6740215,5.04875,64.076164,11.470479,0.0,0.0,3358.0688,0.0,0.0
px4_hover,north_onset_6.0_ramp_20.0_pos,6.0,20.0,north,position_only,30.0,0.0,0.0,0.0,0.0,0.0,120,102,18,31,0,89,0.8725490196078431,0.0,0.8725490196078431,0.0,19,32,32,14,14,266.47750000000013,269.7,342.3,5.943246,7.3011713,70.21884,4.581609,0.0,0.0,3086.8315,0.0,0.0
px4_hover,north_onset_6.0_ramp_20.0_posvel,6.0,20.0,north,position_plus_velocity,30.0,0.0,0.0,9.0,0.0,0.0,120,102,18,31,0,89,0.8725490196078431,0.0,0.8725490196078431,0.0,19,32,32,14,14,259.64916666666676,265.8,370.4,2.1892142,3.8069563,70.21884,11.811218,0.0,0.0,3086.8315,0.0,0.0
px4_hover,east_onset_6.0_ramp_20.0_pos,6.0,20.0,east,position_only,0.0,30.0,0.0,0.0,0.0,0.0,120,102,18,31,0,89,0.8725490196078431,0.0,0.8725490196078431,0.0,19,32,32,14,14,273.83333333333326,289.3,361.90000000000003,5.6331034,7.5749145,60.389767,4.581609,0.0,0.0,2647.161,0.0,0.0
px4_hover,east_onset_6.0_ramp_20.0_posvel,6.0,20.0,east,position_plus_velocity,0.0,30.0,0.0,0.0,9.0,0.0,120,102,18,31,0,89,0.8725490196078431,0.0,0.8725490196078431,0.0,19,32,32,14,14,273.65166666666664,299.2,381.3,3.4061184,4.24561,60.389767,10.500883,0.0,0.0,2647.161,0.0,0.0
px4_hover,northeast_onset_6.0_ramp_20.0_pos,6.0,20.0,northeast,position_only,21.213203,21.213203,0.0,0.0,0.0,0.0,120,102,18,30,0,90,0.8823529411764706,0.0,0.8823529411764706,0.0,19,31,31,13,13,282.995,377.3,404.3,6.104072,7.9516025,70.13221,4.581609,0.0,0.0,3091.9553,0.0,0.0
px4_hover,northeast_onset_6.0_ramp_20.0_posvel,6.0,20.0,northeast,position_plus_velocity,21.213203,21.213203,0.0,6.363961,6.363961,0.0,120,102,18,30,0,90,0.8823529411764706,0.0,0.8823529411764706,0.0,19,31,31,13,13,315.70416666666654,379.90000000000003,386.8,2.5142565,3.7860832,70.13221,12.007927,0.0,0.0,3091.9553,0.0,0.0
px4_hover,northwest_onset_6.0_ramp_20.0_pos,6.0,20.0,northwest,position_only,21.213203,-21.213203,0.0,0.0,0.0,0.0,120,102,18,32,0,88,0.8627450980392157,0.0,0.8627450980392157,0.0,19,33,33,15,15,262.0158333333333,271.4,301.7,5.160942,6.303121,60.632328,4.581609,0.0,0.0,2632.2673,0.0,0.0
px4_hover,northwest_onset_6.0_ramp_20.0_posvel,6.0,20.0,northwest,position_plus_velocity,21.213203,-21.213203,0.0,6.363961,-6.363961,0.0,120,102,18,32,0,88,0.8627450980392157,0.0,0.8627450980392157,0.0,19,33,33,15,15,286.92249999999996,381.7,390.1,2.9224052,4.0513897,60.632328,9.947711,0.0,0.0,2632.2673,0.0,0.0
